Startup,Product,Funding,Event,Result,OperatingState,,,,Audience choice,Operating,,Funding
2600Hz,2600hz.com,,Disrupt SF 2013,Contestant,Operating,,,,Audience choice,Closed,,
3DLT,3dlt.com,$630K,Disrupt NYC 2013,Contestant,Closed,,,,Contestant,Operating,,$630K
3DPrinterOS,3dprinteros.com,,Disrupt SF 2016,Contestant,Operating,,,,Contestant,Closed,,$1M
3Dprintler,3dprintler.com,$1M,Disrupt NY 2016,Audience choice,Operating,,,,Contestant,Acquired,,$19.3M
42 Technologies,42technologies.com,,Disrupt NYC 2013,Contestant,Operating,,,,Contestant,Ipo,,$29M
5to1,5to1.com,$19.3M,TC50 2009,Contestant,Acquired,,,,Finalist,Operating,,$1.8M
8 Securities,8securities.com,$29M,Disrupt Beijing 2011,Finalist,Operating,,,,Finalist,Acquired,,$750K
8020 Media,8020media.com,,TC40 2007,Contestant,Operating,,,,Finalist,Closed,,$17.9K
About Last Night,aboutlastnight.net,,Disrupt NYC 2012,Contestant,Operating,,,,Finalist,Ipo,,$11.6M
Adgregate Markets,adgregate.com,,TC50 2008,Contestant,Operating,,,,Result,OperatingState,,$929.2K
AdhereTech,adheretech.com,$1.8M,Hardware Battlefield 2014,Contestant,Operating,,,,Runner up,Acquired,,$12.2M
AdRocket,adrocket.com,$1M,TC50 2008,Contestant,Closed,,,,Runner up,Operating,,$1.9M
Affective Interfaces,affectiveinterfaces.com,,TC50 2009,Contestant,Operating,,,,Winner,Operating,,$4M
Agrilyst,agrilyst.com,$1M,Disrupt SF 2015,Winner,Operating,,,,Winner,Acquired,,$3M
Aiden,aiden.ai,$750K,Disrupt London 2016,Contestant,Operating,,,,,,,$225K
AirBoxLab,foobot.io,$17.9K,Hardware Battlefield 2014,Contestant,Operating,,,,,,,$24M
Aircall,aircall.io,$11.6M,Disrupt SF 2015,Contestant,Operating,,,,,,,$746K
AirDroids,airdroids.com,$929.2K,Hardware Battlefield 2014,Contestant,Closed,,,,,,,$600K
AirHelp,airhelp.com,$12.2M,Disrupt NYC 2014,Contestant,Operating,,,,,,,$7.1M
AirWander,airwander.com,,Disrupt London 2016,Contestant,Operating,,,,,,,$4.5M
Akoha,akoha.com,$1.9M,TC50 2008,Contestant,Closed,,,,,,,$50.9M
Alfabetic,alfabetic.com,,TC50 2008,Contestant,Acquired,,,,,,,$8.3M
Alicanto,alicanto.com,$4M,Disrupt SF 2012,Contestant,Operating,,,,,,,$12.3M
Allre,allre.com,,Disrupt SF 2014,Contestant,Acquired,,,,,,,$190K
Alpha Outlook,alphaoutlook.com,,Disrupt Beijing 2011,Contestant,Operating,,,,,,,$40M
Altwork,altwork.com,,Disrupt SF 2016,Audience choice,Operating,,,,,,,$520K
Amaryllis Nucleics,amaryllisnucleics.com,,Disrupt SF 2016,Contestant,Operating,,,,,,,$2.9M
Amen.,getamen.com,$3M,Disrupt SF 2011,Contestant,Acquired,,,,,,,$320K
Angstro,angst.ro,$225K,TC50 2008,Contestant,Acquired,,,,,,,$1.7M
Anquanbao,anquanbao.com,,Disrupt Beijing 2011,Runner up,Acquired,,,,,,,$20K
Ansa,ansa.com,,Disrupt SF 2013,Contestant,Operating,,,,,,,$205M
Anyclip,anyclip.com,$24M,TC50 2009,Finalist,Operating,,,,,,,$16.5M
App2you,app2you.com,$746K,TC40 2007,Contestant,Operating,,,,,,,$2.8M
AppArchitect,apparchitect.com,,Disrupt NYC 2013,Contestant,Acquired,,,,,,,$125K
Appbistro,appbistro.com,$600K,Disrupt NYC 2010,Contestant,Closed,,,,,,,$350K
AppChina,appchina.com,$7.1M,Disrupt Beijing 2011,Contestant,Operating,,,,,,,$20.8M
Arctuition,arcsiteapp.com,,Disrupt NY 2015,Contestant,Operating,,,,,,,$675K
Ark,ark.com,$4.5M,Disrupt NYC 2012,Finalist,Operating,,,,,,,$6.5M
Arrived,GetArrived.com,,Disrupt NYC 2011,Contestant,Operating,,,,,,,$2M
Artomatix,artomatix.com,,Disrupt SF 2015,Contestant,Operating,,,,,,,$118K
Artsy,artsy.net,$50.9M,Disrupt NYC 2010,Contestant,Operating,,,,,,,$20.5M
"Artveoli, Inc.",artveoli.com,,Disrupt NY 2016,Contestant,Operating,,,,,,,$7.2M
asap54.com,asap54.com,$8.3M,Disrupt EU 2013,Runner up,Operating,,,,,,,$2.3M
Athla,athla.com,,Disrupt SF 2014,Contestant,Operating,,,,,,,$212K
Atlas Wearables,atlaswearables.com,$4M,Hardware Battlefield 2014,Finalist,Operating,,,,,,,$7M
Audioo,audioo.com,,Disrupt NYC 2010,Contestant,Acquired,,,,,,,$8.1M
Ava,avawomen.com,$12.3M,Disrupt SF 2015,Contestant,Operating,,,,,,,$8.5M
Avado,avado.com,$1M,Disrupt NYC 2011,Contestant,Acquired,,,,,,,$325K
Babelverse,babelverse.com,$190K,Disrupt NYC 2012,Audience choice,Closed,,,,,,,$150K
Badgeville,badgeville.com,$40M,Disrupt SF 2010,Finalist,Acquired,,,,,,,$5M
Bark Technologies,bark.us,,Disrupt NY 2016,Finalist,Operating,,,,,,,$60K
Beam,beam.pro,$520K,Disrupt NY 2016,Winner,Acquired,,,,,,,$8.8M
Beartooth,beartooth.com,$2.9M,Disrupt SF 2014,Contestant,Operating,,,,,,,$120K
Beestar,beestar.eu,$320K,Disrupt SF 2013,Contestant,Operating,,,,,,,$3.1M
BeFunky,befunky.com,$1.7M,TC40 2007,Contestant,Operating,,,,,,,$5.5M
Behold.ai,behold.ai,$20K,Disrupt NY 2016,Contestant,Operating,,,,,,,$2.2M
Betterment,betterment.com,$205M,Disrupt NYC 2010,Finalist,Operating,,,,,,,$496K
Bidzy,bidzy.com,,Disrupt NYC 2013,Contestant,Closed,,,,,,,$1.4M
BillGuard,billguard.com,$16.5M,Disrupt NYC 2011,Runner up,Acquired,,,,,,,$32.5M
BioBots,biobots.io,$2.8M,Disrupt NY 2015,Finalist,Operating,,,,,,,$19M
Birch,birchfinance.com,$125K,Disrupt NY 2016,Contestant,Operating,,,,,,,$475K
Birdpost,birdpost.com,$350K,TC50 2008,Contestant,Operating,,,,,,,$182.1M
Bitcasa,bitcasa.com,$20.8M,Disrupt SF 2011,Finalist,Closed,,,,,,,$6.7M
Bitcovery,bitcovery.com,$675K,Disrupt SF 2013,Contestant,Operating,,,,,,,$848K
BitFusion.io,bitfusion.io,$6.5M,Disrupt NY 2015,Finalist,Operating,,,,,,,$1.3M
Blaze,blaze.cc,$2M,Hardware Battlefield 2014,Finalist,Operating,,,,,,,$12M
BlazingDB,blazingdb.com,$118K,Disrupt SF 2016,Finalist,Operating,,,,,,,$2.6M
BLITAB Technology,blitab.com,,-,Contestant,Operating,,,,,,,$411.5K
Bloomlife,bloomlife.com,$4M,-,Runner up,Operating,,,,,,,$925K
Bojam,bojam.com,,TC50 2008,Contestant,Closed,,,,,,,$35.4M
Boomerang Commerce,boomerangcommerce.com,$20.5M,Disrupt NYC 2014,Finalist,Operating,,,,,,,$38M
Botify,botify.com,$7.2M,Disrupt NY 2016,Contestant,Operating,,,,,,,$37.1M
BRANDiD - Shop. Like a Man.,brandid.com,$2.3M,Disrupt SF 2013,Contestant,Operating,,,,,,,$6.8M
Branto Inc.,branto.co,$212K,Hardware Battlefield 2015,Contestant,Operating,,,,,,,$72M
Bravo Tip or Pay,trybravo.com,,Disrupt SF 2015,Audience choice,Operating,,,,,,,$64M
Breakthrough Partners,breakthroughpartners.org,,TC50 2009,Contestant,Operating,,,,,,,$12.5M
Breezeworks,breezeworks.com,$7M,Disrupt SF 2013,Contestant,Operating,,,,,,,$900K
Breinify,breinify.com,,Disrupt SF 2016,Contestant,Operating,,,,,,,$100K
BrightContext,brightcontext.com,,Disrupt SF 2012,Contestant,Acquired,,,,,,,$7.3M
BroadClip,broadclip.com,$8.1M,TC40 2007,Contestant,Closed,,,,,,,$983K
BroadPeak Partners,broadpeakpartners.com,,Disrupt NYC 2012,Contestant,Operating,,,,,,,$9.7M
Burt,burtcorp.com,$8.5M,TC50 2008,Contestant,Operating,,,,,,,$5.4M
Buyosphere,buyosphere.com,$325K,Disrupt SF 2010,Contestant,Closed,,,,,,,$160K
Buyou,buyouapp.com,$20K,Disrupt NYC 2012,Audience choice,Operating,,,,,,,$300K
Cake Financial,cakefinancial.com,,TC40 2007,Contestant,Acquired,,,,,,,$1.7B
Cake Health,cakehealth.com,$150K,Disrupt SF 2011,Finalist,Acquired,,,,,,,$10.1M
CallApp,callapp.com,$5M,Disrupt NYC 2012,Contestant,Operating,,,,,,,$485K
"Calliope Waterworks, Inc.",calliopewater.com,$60K,Hardware Battlefield 2016,Contestant,Operating,,,,,,,$8M
Carbon Health,carbonhealth.com,$8.8M,Disrupt SF 2016,Finalist,Operating,,,,,,,$4.3M
Carbon Robotics,carbon.ai,$120K,Hardware Battlefield 2016,Finalist,Operating,,,,,,,$10M
CardFlick,cardflick.co,,Disrupt SF 2011,Audience choice,Closed,,,,,,,$34.6M
Cardify,cardify.me,,Disrupt NYC 2012,Contestant,Operating,,,,,,,$16.3M
Careticker,careticker.com,,Disrupt SF 2012,Contestant,Operating,,,,,,,$2.4M
CareZapp,carezapp.com,,Disrupt EU 2014,Contestant,Operating,,,,,,,$650K
"Caruma Technologies, Inc.",caruma.tech,$2M,Disrupt London 2015,Contestant,Operating,,,,,,,$35.5M
Case,choosecase.com,$2.3M,Disrupt NY 2015,Contestant,Operating,,,,,,,$15.4M
CastTV,casttv.com,$3.1M,TC40 2007,Contestant,Acquired,,,,,,,$18.2M
CatchFree,catchfree.com,$5.5M,Disrupt NYC 2011,Contestant,Closed,,,,,,,$30.1M
Causecast,causecast.com,,TC50 2008,Contestant,Operating,,,,,,,$26M
Ceedo Technologies,ceedo.com,$4.5M,TC40 2007,Contestant,Operating,,,,,,,$1.2M
CENTURY Tech,century-techinc.com,$2.2M,Disrupt London 2016,Contestant,Operating,,,,,,,$790.6K
ChompOn,chompon.com,,Disrupt NYC 2010,Contestant,Operating,,,,,,,$66M
Chronos Mobile Technologies,chronosmobiletechnologies.com,,Disrupt SF 2012,Contestant,Acquired,,,,,,,$28.3M
Churn Labs,churnlabs.com,,Disrupt NYC 2011,Contestant,Closed,,,,,,,$6.4M
Chyngle,chyngle.com,,TC50 2009,Audience choice,Closed,,,,,,,$8.2M
Cinder,cindercooks.com,$496K,Disrupt SF 2014,Contestant,Operating,,,,,,,$5K
CitySourced,citysourced.com,$1.4M,TC50 2009,Finalist,Operating,,,,,,,$310.5K
CLASEMOVIL,clasemovil.com,$350K,TC50 2009,Contestant,Closed,,,,,,,$11.3M
Clickable,clickable.com,$32.5M,TC40 2007,Finalist,Acquired,,,,,,,$3.8M
Clicker,clicker.com,$19M,TC50 2009,Contestant,Acquired,,,,,,,$700K
ClientShow,clientshow.com,$750K,TC50 2009,Contestant,Closed,,,,,,,$103M
Clixtr,focallabs.com,,TC50 2009,Contestant,Operating,,,,,,,$334.6K
Closet Couture,closetcouture.com,$475K,TC50 2008,Contestant,Closed,,,,,,,$25.9M
Cloudflare,cloudflare.com,$182.1M,Disrupt SF 2010,Runner up,Operating,,,,,,,$755.9K
"Cloudwear, Inc.",cloudwear.com,,Disrupt NY 2015,Finalist,Operating,,,,,,,$36.5M
Cocodot,cocodot.com,$6.7M,TC50 2009,Contestant,Closed,,,,,,,$14.2M
Codeanywhere,codeanywhere.net,$848K,Disrupt NYC 2014,Audience choice,Operating,,,,,,,$500K
CodeGuard,codeguard.com,$2M,Disrupt NYC 2011,Audience choice,Operating,,,,,,,$191.5K
Cognitive Code,cognitivecode.com,$1.3M,TC40 2007,Contestant,Operating,,,,,,,$44.7M
Cohero Health,coherohealth.com,$2M,Disrupt SF 2015,Contestant,Operating,,,,,,,$566.1K
Compass Labs,compasslabs.com,$12M,Disrupt NYC 2010,Contestant,Closed,,,,,,,$6.3M
Connective Logic,connectivelogic.co.uk,,TC50 2008,Contestant,Operating,,,,,,,$24.2M
ContainerShip,containership.io,$2.6M,Disrupt NY 2015,Contestant,Operating,,,,,,,$10.7M
CoroNet,coro.net,,Disrupt NY 2015,Contestant,Operating,,,,,,,$22M
CosmEthics,cosmethics.com,$411.5K,Disrupt EU 2014,Contestant,Operating,,,,,,,$1.1M
Cosmic,cosmiccart.com,,Disrupt NYC 2014,Contestant,Acquired,,,,,,,$3.2M
CPUsage,cpusage.com,$925K,Disrupt SF 2013,Contestant,Closed,,,,,,,$195K
Crate.io,crate.io,$8.1M,Disrupt EU 2014,Winner,Operating,,,,,,,$14.1M
Credit Sesame,creditsesame.com,$35.4M,Disrupt SF 2010,Contestant,Operating,,,,,,,$50K
Crowd Fusion,crowdfusion.com,$3M,TC50 2009,Contestant,Operating,,,,,,,$745K
CrowdFlower Inc.,crowdflower.com,$38M,TC50 2009,Contestant,Operating,,,,,,,$457K
CrowdSpirit,crowdspirit.com,,TC40 2007,Contestant,Closed,,,,,,,$355K
Cubic Telecom,cubictelecom.com,$37.1M,TC40 2007,Contestant,Operating,,,,,,,$696.3K
CUJO,getcujo.com,,Disrupt NY 2016,Contestant,Operating,,,,,,,$122.4M
Curiator,curiator.com,,Disrupt SF 2013,Contestant,Acquired,,,,,,,$421.6K
Current Labs,currentlabs.io,,Hardware Battlefield 2015,Contestant,Operating,,,,,,,$34.9M
Cyfeon Solutions,cyfeon.com,,Disrupt NYC 2012,Contestant,Operating,,,,,,,$67.8M
DataFox,datafox.com,$6.8M,Disrupt SF 2014,Contestant,Operating,,,,,,,$11.7M
DataSift,datasift.com,$72M,Disrupt SF 2010,Finalist,Operating,,,,,,,$166.1M
DataXu,dataxu.com,$64M,TC50 2009,Contestant,Operating,,,,,,,$1.6M
Deja,deja.com,$12.5M,Disrupt NYC 2011,Contestant,Acquired,,,,,,,$4.4M
Desmos,desmos.com,$900K,Disrupt NYC 2011,Contestant,Operating,,,,,,,$717K
Devunity,devunity.com,$100K,TC50 2008,Contestant,Operating,,,,,,,$5.8M
DigitalGenius,digitalgenius.com,$7.3M,Disrupt NY 2015,Runner up,Operating,,,,,,,$4.1M
Discovr Labs,discovrlearning.com,$100K,Disrupt SF 2015,Contestant,Operating,,,,,,,$42.1M
Disease Diagnostic Group,diseasediagnostic.com,$1.3M,Disrupt EU 2014,Runner up,Operating,,,,,,,$69M
Dispatch,dispatch.com,$983K,Disrupt SF 2012,Contestant,Acquired,,,,,,,$10.6M
DocSend,docsend.com,$9.7M,Disrupt NYC 2014,Contestant,Operating,,,,,,,$65.1M
Docstoc,docstoc.com,$4M,TC40 2007,Contestant,Closed,,,,,,,$875K
Docurated,docurated.com,$5.4M,Disrupt NYC 2013,Contestant,Operating,,,,,,,$250K
Donay,donay.com,$160K,Disrupt NYC 2013,Contestant,Closed,,,,,,,$25.1M
Donde,donde.io,,Disrupt SF 2014,Audience choice,Operating,,,,,,,$635K
DotSpots,dotspots.com,$300K,TC50 2008,Contestant,Closed,,,,,,,$9.2M
"Driblet Labs, LLC",driblet.io,$20K,Hardware Battlefield 2014,Contestant,Operating,,,,,,,$800K
Dropbox,dropbox.com,$1.7B,TC50 2008,Contestant,Operating,,,,,,,$9.4M
Dryft,dryft.com,,Disrupt SF 2013,Finalist,Acquired,,,,,,,$31.8M
Dynosense,dynosense.com,$10.1M,Disrupt SF 2014,Contestant,Operating,,,,,,,$3.3M
EasyPaint,easypaint.com,$485K,Disrupt SF 2015,Contestant,Operating,,,,,,,$9.5M
EatWith,eatwith.com,$8M,Disrupt NYC 2013,Contestant,Operating,,,,,,,$3.5M
Edyn,edyn.com,$3M,Disrupt SF 2013,Finalist,Operating,,,,,,,$275K
eGood,egood.com,$3M,Disrupt SF 2013,Audience choice,Operating,,,,,,,$13.2M
Elemental Path,elementalpath.com,$4.3M,Hardware Battlefield 2016,Contestant,Operating,,,,,,,$12.8M
Emburse,emburse.com,$120K,Disrupt SF 2015,Contestant,Operating,,,,,,,$5.3M
Emerginvest,emergevest.com,,TC50 2008,Contestant,Closed,,,,,,,$37M
Emotech LTD,emotech.co,$10M,Disrupt London 2015,Contestant,Operating,,,,,,,$3.9M
EnergyElephant,energyelephant.com,,Disrupt London 2015,Contestant,Operating,,,,,,,$651.4K
Enigma,enigma.io,$34.6M,Disrupt NYC 2013,Winner,Operating,,,,,,,$38.5M
Evercam,evercam.io,$1M,Disrupt NYC 2014,Contestant,Operating,,,,,,,$25.5M
Evergage,evergage.com,$16.3M,Disrupt NYC 2012,Finalist,Operating,,,,,,,$892K
EverlyWell,everlywell.com,$5M,Disrupt SF 2016,Finalist,Operating,,,,,,,$3.4M
Everpix,everpix.com,$2.4M,Disrupt SF 2011,Contestant,Closed,,,,,,,$1.5M
EveryLayer,everylayer.com,$650K,Disrupt NY 2015,Contestant,Operating,,,,,,,$79.5K
EverythingMe,everything.me,$35.5M,Disrupt NYC 2011,Contestant,Closed,,,,,,,$156K
exchangeP,exchangep.com,,TC50 2008,Contestant,Closed,,,,,,,$4.8M
Expect Labs,mindmeld.com,$15.4M,Disrupt SF 2012,Finalist,Operating,,,,,,,$755K
Extreme Reality,xtr3d.com,$18.2M,TC40 2007,Contestant,Operating,,,,,,,$525K
Exversion,exversion.com,,Disrupt EU 2013,Contestant,Operating,,,,,,,$18.5M
FairFleet,fairfleet360.com,,Disrupt London 2015,Contestant,Operating,,,,,,,$278M
FairSoftware,fairsoftware.com,$100K,TC50 2008,Contestant,Closed,,,,,,,$3.6M
Famo.us,famo.us,$30.1M,Disrupt SF 2012,Contestant,Operating,,,,,,,$63M
Farmigo,farmigo.com,$26M,Disrupt SF 2011,Finalist,Operating,,,,,,,$948K
FAROO,faroo.com,,TC40 2007,Contestant,Operating,,,,,,,$10.5M
Feed.fm,feed.fm,$1.2M,Disrupt SF 2013,Contestant,Operating,,,,,,,$7.4M
Fetch,buywithfetch.com,$2.3M,Disrupt NYC 2014,Contestant,Closed,,,,,,,$6M
Fidesmo,fidesmo.com,$790.6K,Disrupt NYC 2014,Contestant,Operating,,,,,,,$20.3K
Filter.ly,filter.ly,,Disrupt SF 2015,Contestant,Operating,,,,,,,$765K
FishingBooker,fishingbooker.com,$60K,Disrupt SF 2014,Audience choice,Operating,,,,,,,$145K
Fit Analytics,fitanalytics.com,,Disrupt Beijing 2011,Contestant,Operating,,,,,,,$25M
Fitbit,fitbit.com,$66M,TC50 2008,Finalist,Ipo,,,,,,,$956K
FITIQUETTE,fitiquette.com,,Disrupt SF 2012,Contestant,Acquired,,,,,,,$7.7M
Fleet,tryfleet.com,$6.5M,Disrupt SF 2014,Runner up,Operating,,,,,,,$160M
Flock,flock.com,$28.3M,TC40 2007,Contestant,Acquired,,,,,,,$590K
Floored,floored.com,$6.4M,Disrupt NYC 2013,Finalist,Acquired,,,,,,,$855.4K
FlowPlay,flowplay.com,$8.2M,TC40 2007,Contestant,Operating,,,,,,,$165K
Fluid HTML,fluidhtml.com,,TC50 2009,Contestant,Closed,,,,,,,$16.2M
Fluidinfo,fluidinfo.com,$1.7M,Disrupt NYC 2010,Contestant,Operating,,,,,,,$18M
Fog Creek Software,fogcreek.com,,Disrupt SF 2011,Contestant,Operating,,,,,,,$440K
Fogo Digital,fogo.io,,Hardware Battlefield 2015,Finalist,Operating,,,,,,,$684.4K
FoodStantly,foodstantly.com,$5K,Disrupt London 2016,Contestant,Operating,,,,,,,$129.8K
Footnote,footnote.com,$10M,TC50 2008,Contestant,Operating,,,,,,,$482K
Force Impact Technologies,fitguard.me,$310.5K,Hardware Battlefield 2016,Contestant,Operating,,,,,,,$200K
Foretuit,foretuit.com,,Disrupt NYC 2011,Contestant,Operating,,,,,,,$2.1M
Fotonauts,fotopedia.com,,TC50 2008,Contestant,Operating,,,,,,,$23K
FOVE,getfove.com,$11.3M,Disrupt SF 2014,Contestant,Operating,,,,,,,$863K
FUSAR,fusar.com,$3.8M,Hardware Battlefield 2016,Contestant,Operating,,,,,,,$15.6M
GameCrush,gamecrush.com,$700K,Disrupt SF 2010,Finalist,Closed,,,,,,,$47.4M
GazoPa,gazopa.com,,TC50 2008,Contestant,Closed,,,,,,,$323.8K
Gem,gem.co,$12.5M,Disrupt SF 2014,Contestant,Operating,,,,,,,$5.1M
Geotoko,geotoko.com,,Disrupt NYC 2010,Contestant,Acquired,,,,,,,$24.5M
Getaround,getaround.com,$103M,Disrupt NYC 2011,Winner,Operating,,,,,,,$4.7M
Gifi,gifi.fr,$1.2M,Disrupt SF 2010,Contestant,Closed,,,,,,,$532K
Giftbit,giftbit.com,$1.9M,Disrupt SF 2016,Contestant,Operating,,,,,,,$4.2M
giftgaming,giftgaming.com,$334.6K,Disrupt EU 2014,Contestant,Operating,,,,,,,$280K
Gild,gild.com,$25.9M,Disrupt SF 2010,Contestant,Acquired,,,,,,,$9.8M
Glance Clock,glanceclock.com,$755.9K,Hardware Battlefield 2016,Contestant,Operating,,,,,,,$16M
Glide,glide.me,$36.5M,Disrupt NYC 2013,Audience choice,Operating,,,,,,,$93K
Glide Health,glidehealth.us,$1M,TC50 2009,Contestant,Closed,,,,,,,$88K
Glider,glider.com,$1.4M,Disrupt NYC 2013,Contestant,Acquired,,,,,,,$10.3M
GoInstant,goinstant.com,$1.7M,Disrupt SF 2011,Contestant,Acquired,,,,,,,$13.1M
GoodGuide,goodguide.com,$14.2M,TC50 2008,Finalist,Acquired,,,,,,,$332.4M
GoPlanit,goplanit.com,$500K,TC50 2008,Contestant,Operating,,,,,,,$7.8M
GotStatus,gotstat.us,,TC40 2007,Contestant,Closed,,,,,,,$14.5M
GradFly,gradfly.co,$191.5K,Disrupt NYC 2013,Contestant,Closed,,,,,,,$35M
Green Bits,greenbits.com,,Disrupt SF 2015,Runner up,Operating,,,,,,,$168.8M
Gripe,gri.pe,,Disrupt SF 2010,Contestant,Closed,,,,,,,$830.2K
Grockit,grockit.com,$44.7M,TC50 2008,Finalist,Acquired,,,,,,,$28M
Grow the Planet,growtheplanet.com,$566.1K,Disrupt SF 2011,Contestant,Operating,,,,,,,$26.7K
gulu.com,gulu.com,$300K,Disrupt Beijing 2011,Contestant,Closed,,,,,,,$55K
GunZoo.com,gunzoo.com,,Disrupt SF 2010,Contestant,Operating,,,,,,,$30.8M
Gyft,gyft.com,$6.3M,Disrupt SF 2012,Finalist,Acquired,,,,,,,$85.7K
H2L,h2l.com,,Disrupt SF 2015,Contestant,Operating,,,,,,,$2.5M
HackerRank,hackerrank.com,$24.2M,Disrupt SF 2012,Contestant,Operating,,,,,,,$17.4M
Halo Neuroscience,haloneuro.com,$10.7M,Disrupt NY 2016,Contestant,Operating,,,,,,,$15.8M
Hammer & Chisel,discordapp.com,,Disrupt SF 2013,Finalist,Operating,,,,,,,$28K
Hamwells,hamwells.com,$1.3M,Disrupt London 2015,Contestant,Operating,,,,,,,$41.8M
Handle,handle.com,$22M,Disrupt NYC 2013,Runner up,Operating,,,,,,,$142M
Hangout Industries,hangout.net,$12M,TC50 2008,Contestant,Operating,,,,,,,$117.8M
Happy Toy Machine,happytoymachine.com,,Disrupt NYC 2011,Audience choice,Operating,,,,,,,$62.1M
Hark,hark.com,$5M,TC50 2009,Contestant,Operating,,,,,,,$583.6M
Health2Sync,health2sync.com,$4.5M,Hardware Battlefield 2014,Contestant,Operating,,,,,,,$223M
HealthCrew,healthcrew.me,,Disrupt NYC 2014,Contestant,Operating,,,,,,,$31.5M
HealthyOut,healthyout.com,$1.2M,Disrupt NYC 2013,Finalist,Acquired,,,,,,,
HealthyWage,healthywage.com,,TC50 2009,Contestant,Operating,,,,,,,
Heatworks Technology,myheatworks.com,$7.2M,Disrupt NYC 2014,Runner up,Operating,,,,,,,
Hello Alfred,helloalfred.com,$12.5M,Disrupt SF 2014,Winner,Operating,,,,,,,
High Mobility,high-mobility.com,$1.1M,Disrupt EU 2013,Contestant,Operating,,,,,,,
Hmmm,hmmmapp.com,,Disrupt NYC 2012,Contestant,Operating,,,,,,,
HomeMe,homemeapp.com,$3.2M,Disrupt NY 2016,Contestant,Operating,,,,,,,
HouseFix,housefix.com,$150K,Disrupt SF 2011,Contestant,Closed,,,,,,,
HowFactory,howfactory.com,$195K,Disrupt NY 2015,Contestant,Operating,,,,,,,
hownow,learnhownow.com,,Disrupt NYC 2012,Contestant,Closed,,,,,,,
Humon,humon.io,$1M,Disrupt SF 2015,Contestant,Operating,,,,,,,
HuoHua Mobile,huohua.co,,Disrupt Beijing 2011,Contestant,Closed,,,,,,,
IAMNEWS,iamnews.com,,TC50 2008,Audience choice,Closed,,,,,,,
iCharts,icharts.net,$16.3M,TC50 2008,Contestant,Operating,,,,,,,
Idle Gaming,idle-gaming.com,$14.1M,Disrupt SF 2011,Contestant,Operating,,,,,,,
Imindi,imindi.com,$500K,TC50 2008,Contestant,Closed,,,,,,,
IMO,,,TC50 2009,Contestant,Operating,,,,,,,
import.io,import.io,$18.2M,Disrupt EU 2013,Finalist,Operating,,,,,,,
ImpulseSave,impulsesave.com,$50K,Disrupt SF 2012,Contestant,Acquired,,,,,,,
Incident Technologies,incidentgtar.com,$745K,Disrupt NYC 2012,Runner up,Operating,,,,,,,
inMarket,inmarket.com,$2M,Disrupt SF 2010,Contestant,Operating,,,,,,,
INRFOOD,inrfood.com,$457K,Disrupt SF 2012,Contestant,Operating,,,,,,,
Insensi,ily.co,$3M,Hardware Battlefield 2016,Contestant,Acquired,,,,,,,
InsideDNA,insidedna.me,,Disrupt London 2016,Runner up,Operating,,,,,,,
InsideMaps,insidemaps.com,,Disrupt SF 2013,Contestant,Operating,,,,,,,
Instant API Inc.,instantapi.com,$355K,Disrupt EU 2014,Contestant,Operating,,,,,,,
Insttant,insttant.com,,TC50 2009,Contestant,Operating,,,,,,,
Integreight,integreight.com,,Disrupt EU 2013,Audience choice,Operating,,,,,,,
Intelligent Flying Machines,ifm-tech.com,,Disrupt SF 2016,Contestant,Operating,,,,,,,
InvoiceASAP,invoiceasap.com,$696.3K,Disrupt NYC 2011,Audience choice,Operating,,,,,,,
Ionic Security,ionicsecurity.com,$122.4M,Disrupt SF 2012,Contestant,Operating,,,,,,,
Iris AI,iris.ai,$421.6K,Disrupt London 2016,Contestant,Operating,,,,,,,
IsItYou,isityou.biz,$1M,Disrupt SF 2014,Contestant,Operating,,,,,,,
iThryv,ithryv.com,,TC50 2008,Contestant,Operating,,,,,,,
iTwin,itwin.com,$1.3M,TC50 2009,Contestant,Acquired,,,,,,,
IZEA,izea.com,$34.9M,Disrupt NYC 2010,Contestant,Ipo,,,,,,,
Japet Medical Devices,japet.eu,,-,Contestant,Operating,,,,,,,
Jewelbots,jewelbots.com,$1.2M,Hardware Battlefield 2016,Contestant,Operating,,,,,,,
Jiff,jiff.com,$67.8M,Disrupt SF 2011,Contestant,Acquired,,,,,,,
Jukedeck,jukedeck.com,$3.8M,Disrupt London 2015,Winner,Operating,,,,,,,
JumpCloud,jumpcloud.com,$11.7M,Disrupt SF 2013,Contestant,Operating,,,,,,,
Kaltura,kaltura.com,$166.1M,TC40 2007,Audience choice,Operating,,,,,,,
Karizma,karizma.im,,Disrupt NYC 2011,Contestant,Closed,,,,,,,
Katalyst Network,katalystng.com,$10M,TC50 2008,Contestant,Closed,,,,,,,
Keen Home,keenhome.io,$1.6M,Disrupt NYC 2013,Contestant,Operating,,,,,,,
keenkong,,,Disrupt NYC 2010,Contestant,Operating,,,,,,,
Kerpoof,kerpoof.com,,TC40 2007,Contestant,Acquired,,,,,,,
Kinobi,kinobi.co,,Disrupt SF 2012,Contestant,Closed,,,,,,,
Kisi,getkisi.com,$1.6M,Disrupt NYC 2013,Contestant,Operating,,,,,,,
KIWI,kiwi.ki,$4.4M,Disrupt EU 2013,Contestant,Operating,,,,,,,
Kloudless,kloudless.com,$1.3M,Disrupt NYC 2013,Contestant,Operating,,,,,,,
Knocki,knocki.com,$1.9M,-,Audience choice,Operating,,,,,,,
Koality,koalitycode.com,$1.8M,Disrupt SF 2013,Contestant,Acquired,,,,,,,
Koemei,koemei.com,$1.3M,Disrupt NYC 2012,Contestant,Operating,,,,,,,
Kohort,kohort.com,$3M,Disrupt NYC 2011,Contestant,Closed,,,,,,,
Koto Labs,koto.io,$717K,Hardware Battlefield 2014,Winner,Operating,,,,,,,
KurbKarma,kurbkarma.com,,Disrupt NYC 2012,Contestant,Operating,,,,,,,
Kurbo Health,kurbo.com,$5.8M,Disrupt NYC 2014,Contestant,Operating,,,,,,,
Kwoller,kwoller.com,,Disrupt NYC 2014,Contestant,Operating,,,,,,,
lark,lark.com,$4.1M,Disrupt SF 2010,Contestant,Operating,,,,,,,
Laugh Radio,laughradio.com,,Disrupt NY 2016,Audience choice,Operating,,,,,,,
Layer,layer.com,$42.1M,Disrupt SF 2013,Winner,Operating,,,,,,,
Leaf,getleaf.co,$2M,Disrupt SF 2015,Contestant,Operating,,,,,,,
Leapfin,leapfin.com,$1M,Disrupt SF 2015,Finalist,Operating,,,,,,,
LearnVest,learnvest.com,$69M,TC50 2009,Contestant,Acquired,,,,,,,
Levebee,levebee.com,,Disrupt EU 2014,Contestant,Operating,,,,,,,
LiftIgniter,liftigniter.com,$50K,Disrupt London 2016,Finalist,Operating,,,,,,,
Liquidity Nanotech Corporation,liquico.com,$10.6M,Disrupt NY 2015,Winner,Operating,,,,,,,
Lissn,lissn.in,,TC50 2009,Contestant,Closed,,,,,,,
Lit Motors,litmotors.com,$2.2M,Disrupt SF 2012,Runner up,Operating,,,,,,,
Live Matrix,livematrix.com,,Disrupt NYC 2010,Contestant,Acquired,,,,,,,
LiveHit,livehit.com,,TC50 2008,Contestant,Operating,,,,,,,
LiveIntent,liveintent.com,$65.1M,Disrupt NYC 2010,Audience choice,Operating,,,,,,,
Livemap,livemap.info,$1.3M,Hardware Battlefield 2014,Contestant,Operating,,,,,,,
Livestar,livestar.com,$2M,Disrupt SF 2012,Contestant,Acquired,,,,,,,
Lobster,lobster.media,$2M,Disrupt EU 2014,Contestant,Operating,,,,,,,
localbacon,jibe.com,$875K,TC50 2009,Contestant,Closed,,,,,,,
LocalHero Inc.,,,Disrupt SF 2011,Contestant,Operating,,,,,,,
Locality,locality.com,$6.7M,Disrupt NYC 2012,Contestant,Operating,,,,,,,
Lock8,lock8.me,,Disrupt EU 2013,Winner,Operating,,,,,,,
LookSee Labs Inc,lookseelabs.com,,Hardware Battlefield 2015,Finalist,Operating,,,,,,,
LUCY,startwithlucy.com,$2.3M,Disrupt SF 2016,Audience choice,Operating,,,,,,,
Lumenus,lumenus.com,$250K,Disrupt NY 2016,Contestant,Operating,,,,,,,
Lumier,lumier.com,$350K,Disrupt NYC 2011,Contestant,Operating,,,,,,,
Lystable,lystable.com,$25.1M,Disrupt London 2015,Finalist,Operating,,,,,,,
LyteShot,lyteshot.com,$635K,Hardware Battlefield 2015,Contestant,Operating,,,,,,,
Madbrook,everythingbuttart.com,,Disrupt NYC 2011,Contestant,Operating,,,,,,,
MailTime,mailtime.com,$3.2M,Disrupt SF 2014,Contestant,Operating,,,,,,,
Mainframe,mainframe.co,$300K,Disrupt London 2015,Contestant,Operating,,,,,,,
Maluuba,maluuba.com,$9.2M,Disrupt SF 2012,Contestant,Acquired,,,,,,,
Matibabu,thinkitlimited.com,,-,Contestant,Operating,,,,,,,
MAX - Metro Africa Express,max.ng,$1.1M,Disrupt London 2015,Runner up,Operating,,,,,,,
Me-trics,me-trics.com,,TC50 2008,Contestant,Closed,,,,,,,
"MedRepublic, Inc",medrepublic.com,$800K,Disrupt SF 2016,Contestant,Operating,,,,,,,
Meexo,meexo.com,,Disrupt SF 2011,Contestant,Acquired,,,,,,,
mEgo,mego.com,$7.3M,TC40 2007,Contestant,Closed,,,,,,,
Meporter,meporter.com,,Disrupt NYC 2011,Contestant,Operating,,,,,,,
Meritful,meritful.com,,Disrupt NYC 2013,Contestant,Operating,,,,,,,
Metaplace,metaplace.com,$9.4M,TC40 2007,Contestant,Acquired,,,,,,,
Metricly,metricly.com,,TC50 2009,Contestant,Closed,,,,,,,
mFluiDx,mfluidx.com,,Disrupt SF 2016,Contestant,Operating,,,,,,,
MicroBlink,microblink.com,,Disrupt EU 2014,Finalist,Operating,,,,,,,
Mimi Hearing Technologies GmbH,mimi.io,,Disrupt NYC 2014,Finalist,Operating,,,,,,,
Mink,gracemink.com,,Disrupt NYC 2014,Contestant,Operating,,,,,,,
Minor Studios,minorstudios.com,,TC50 2008,Finalist,Closed,,,,,,,
Mint,mint.com,$31.8M,TC40 2007,Winner,Acquired,,,,,,,
Mirth Corp,mirth.com,,Disrupt NYC 2012,Contestant,Operating,,,,,,,
Miso Media,misomedia.com,$3M,Disrupt SF 2010,Audience choice,Closed,,,,,,,
MIXTT,mixtt.com,,TC50 2008,Contestant,Closed,,,,,,,
Mob.ly,mob.ly,$900K,TC50 2008,Contestant,Acquired,,,,,,,
Mobalytics,mobalyticshq.com,$2.6M,Disrupt SF 2016,Winner,Operating,,,,,,,
Mobclix,mobclix.com,,TC50 2008,Contestant,Acquired,,,,,,,
MobilePayUSA,mobilepayusa.com,,Disrupt SF 2010,Audience choice,Closed,,,,,,,
Modbot,modbot.com,$4M,Hardware Battlefield 2014,Contestant,Operating,,,,,,,
Moglue,moglue.com,$1.2M,Disrupt Beijing 2011,Finalist,Closed,,,,,,,
Money Intel,moneyintel.com,,Disrupt SF 2015,Contestant,Operating,,,,,,,
Monsieur,monsieur.co,$3.3M,Disrupt SF 2013,Contestant,Operating,,,,,,,
MOTA Motors,mota.com,$9.5M,TC50 2009,Contestant,Operating,,,,,,,
MotherKnows,,,Disrupt NYC 2011,Contestant,Operating,,,,,,,
Movebubble,movebubble.com,$3.1M,Disrupt London 2015,Contestant,Operating,,,,,,,
Munro Electric Vehicle,munromotor.com/,,-,Contestant,Operating,,,,,,,
Musicshake,musicshake.com,$3.5M,TC40 2007,Contestant,Operating,,,,,,,
myki,myki.co,$1.2M,Disrupt SF 2016,Contestant,Operating,,,,,,,
myLanguage,myLanguage.me,$50K,Disrupt SF 2011,Contestant,Operating,,,,,,,
mySkin,myskin.com,$275K,Disrupt EU 2013,Contestant,Operating,,,,,,,
Mytopia,mytopia.com,$3.5M,TC50 2008,Contestant,Acquired,,,,,,,
NapTime,naptime.technology,,Hardware Battlefield 2015,Contestant,Operating,,,,,,,
Nativetap.io,nativetap.io,$100K,Disrupt NY 2015,Contestant,Operating,,,,,,,
NetPlenish,shopgeniusapp.com,$1.9M,Disrupt SF 2012,Audience choice,Operating,,,,,,,
Next Caller,nextcaller.com,,Disrupt SF 2013,Contestant,Operating,,,,,,,
NextGoals,nextgoals.com,,Disrupt Beijing 2011,Contestant,Operating,,,,,,,
Neyya,myneyya.com,$2.2M,Hardware Battlefield 2014,Contestant,Operating,,,,,,,
Nikola Labs,nikola.tech,$2.8M,Disrupt NY 2015,Contestant,Operating,,,,,,,
Nima,nimasensor.com,$13.2M,Hardware Battlefield 2016,Winner,Operating,,,,,,,
NimbusBase,nimbusbase.com,$275K,Disrupt NYC 2013,Contestant,Operating,,,,,,,
NoiseToys,noisetoys.com,$1.4M,Disrupt NYC 2010,Contestant,Operating,,,,,,,
Notivo,notivo.com,,Disrupt NYC 2014,Contestant,Operating,,,,,,,
Nucleus Scientific,nucleusscientific.com,,Disrupt NY 2015,Finalist,Operating,,,,,,,
NUMBER26,n26.com,$10.7M,Disrupt EU 2014,Contestant,Operating,,,,,,,
O-Robotix,orobotix.com,$100K,Disrupt NY 2016,Contestant,Operating,,,,,,,
Off & Away,offandaway.com,$3.3M,Disrupt NYC 2010,Contestant,Acquired,,,,,,,
Offerboard,offerboard.com,$1.3M,Disrupt NYC 2014,Contestant,Acquired,,,,,,,
ONDiGO,ondigo.me,$500K,Disrupt EU 2014,Contestant,Operating,,,,,,,
OneTrueFan,onetruefan.com,$1.2M,Disrupt SF 2010,Contestant,Acquired,,,,,,,
Open as App,openasapp.net,,Disrupt London 2016,Contestant,Operating,,,,,,,
Open Garden,opengarden.com,$12.8M,Disrupt NYC 2012,Finalist,Operating,,,,,,,
Openbucks,openbucks.com,$5.3M,Disrupt SF 2011,Contestant,Operating,,,,,,,
Opzi,opzi.com,$1M,Disrupt SF 2010,Finalist,Closed,,,,,,,
OrderWithMe,orderwithme.com,$37M,Disrupt Beijing 2011,Winner,Operating,,,,,,,
Organizer,organizer.com,$3.9M,Disrupt SF 2012,Contestant,Operating,,,,,,,
Orgoo,orgoo.com,,TC40 2007,Contestant,Closed,,,,,,,
oscadi,oscadi.com,$651.4K,Disrupt EU 2014,Finalist,Operating,,,,,,,
Osmo,playosmo.com,$38.5M,Disrupt SF 2013,Contestant,Operating,,,,,,,
Ossia,ossia.com,$25.5M,Disrupt SF 2013,Runner up,Operating,,,,,,,
OtherInbox,otherinbox.com,$3.8M,TC50 2008,Contestant,Acquired,,,,,,,
Outline,theoutline.com,$892K,Disrupt SF 2013,Contestant,Closed,,,,,,,
"Overnest, Inc.",overnest.com,,Disrupt NY 2016,Contestant,Operating,,,,,,,
Owlet Baby Care,owletcare.com,$24M,Hardware Battlefield 2014,Runner up,Operating,,,,,,,
Oxehealth,oxehealth.com,$3.4M,Disrupt London 2016,Finalist,Operating,,,,,,,
PageCloud,pagecloud.com,$7.2M,Disrupt NY 2015,Finalist,Operating,,,,,,,
Paidpiper,paidpiper.com,$1.2M,Disrupt NYC 2013,Contestant,Operating,,,,,,,
Pangea,pangeare.com,,Disrupt NY 2015,Contestant,Operating,,,,,,,
Paribus,paribus.co,$2.2M,Disrupt NY 2015,Contestant,Acquired,,,,,,,
Partpic,partpic.com,$1.5M,Disrupt SF 2014,Finalist,Operating,,,,,,,
Pathmapp,pathmapp.com,,Disrupt SF 2012,Contestant,Closed,,,,,,,
PatternEQ Inc.,patterneq.com,,Disrupt SF 2014,Finalist,Operating,,,,,,,
PayTap,paytap.com,$520K,Disrupt SF 2012,Contestant,Operating,,,,,,,
Peekster,peeksterapp.com,$79.5K,Disrupt NYC 2014,Contestant,Operating,,,,,,,
Peeple,peeple.io,$156K,Hardware Battlefield 2015,Runner up,Operating,,,,,,,
Penn & Teller,pennandteller.com,,TC50 2009,Contestant,Operating,,,,,,,
Perpetually,perpetually.com,,TC50 2009,Contestant,Acquired,,,,,,,
PERSONALRIA,personalria.com,,TC50 2008,Contestant,Closed,,,,,,,
Peruse,peruse.io,$50K,Disrupt NY 2015,Contestant,Operating,,,,,,,
PhenixP2P Inc.,phenixp2p.com,$4.8M,Disrupt London 2016,Finalist,Operating,,,,,,,
PHIND,phind.it,$755K,Disrupt NY 2015,Contestant,Operating,,,,,,,
Pillar Technologies,pillar.tech,$525K,-,Finalist,Operating,,,,,,,
Pinger,pinger.com,$18.5M,Disrupt SF 2010,Runner up,Operating,,,,,,,
Pipewise,pipewise.com,$3.5M,Disrupt NYC 2011,Contestant,Closed,,,,,,,
PlaceAVote.com,placeavote.com,$500K,Disrupt NY 2016,Contestant,Operating,,,,,,,
Plantly,plantly.com,,Disrupt NYC 2010,Audience choice,Closed,,,,,,,
plaYce,playce.com,,TC50 2008,Contestant,Operating,,,,,,,
PlaySay,playsay.com,$1.1M,Disrupt SF 2011,Contestant,Acquired,,,,,,,
Pluto Media,pluto-media.com,$2.2M,Disrupt NYC 2014,Contestant,Operating,,,,,,,
Ponoko,ponoko.com,$1.5M,TC40 2007,Contestant,Operating,,,,,,,
Popego,grupo42.com,,TC50 2008,Contestant,Closed,,,,,,,
Postbox,postbox-inc.com,,TC50 2008,Contestant,Operating,,,,,,,
Postmates,postmates.com,$278M,Disrupt SF 2011,Contestant,Operating,,,,,,,
Powerset,powerset.com,$20.5M,TC40 2007,Contestant,Acquired,,,,,,,
Preemadonna,preemadonna.com,$500K,Disrupt SF 2015,Finalist,Operating,,,,,,,
Pressly,pressly.com,$3.6M,Disrupt SF 2011,Contestant,Operating,,,,,,,
Prior Knowledge,priorknowledge.com,$1.4M,Disrupt SF 2012,Finalist,Acquired,,,,,,,
Prism Skylabs,prism.com,$24M,Disrupt SF 2011,Runner up,Operating,,,,,,,
productboard,productboard.com,$1.7M,Disrupt SF 2016,Contestant,Operating,,,,,,,
Publish2,publish2.com,$2.8M,Disrupt NYC 2010,Finalist,Operating,,,,,,,
PubMatic,pubmatic.com,$63M,TC40 2007,Contestant,Operating,,,,,,,
Punch!,punch.is,$2.2M,Disrupt NYC 2012,Contestant,Operating,,,,,,,
Pundit,getpundit.com,$120K,Disrupt SF 2016,Contestant,Operating,,,,,,,
Qardio,getqardio.com,$948K,Disrupt EU 2013,Contestant,Operating,,,,,,,
Quant the News,quantnews.com,$150K,TC50 2008,Contestant,Closed,,,,,,,
Questli,questli.com,,Disrupt SF 2011,Audience choice,Closed,,,,,,,
QuickFire Networks,quickfirenetworks.com,,Disrupt SF 2014,Contestant,Acquired,,,,,,,
Qwiki,qwiki.com,$10.5M,Disrupt SF 2010,Winner,Acquired,,,,,,,
Rackup,rackup.com,$3.5M,TC50 2009,Contestant,Closed,,,,,,,
Radiusly,radiusly.com,,TC50 2009,Contestant,Closed,,,,,,,
Rainbow,,$3.3M,Disrupt SF 2013,Contestant,Operating,,,,,,,
Rallyteam,rallyteam.com,$20K,Disrupt SF 2014,Contestant,Operating,,,,,,,
Redbeacon,redbeacon.com,$7.4M,TC50 2009,Winner,Acquired,,,,,,,
RefMob,refmobworks.com,,TC50 2009,Contestant,Operating,,,,,,,
Regalii,regalii.com,$6M,Disrupt SF 2013,Finalist,Operating,,,,,,,
Relevancy Data,relevancydata.com,$20.3K,Disrupt NY 2015,Contestant,Operating,,,,,,,
Remark,remarkhq.com,$100K,Disrupt SF 2013,Contestant,Operating,,,,,,,
Rentlord,rentlord.com,,Disrupt SF 2011,Contestant,Operating,,,,,,,
Rewardli,rewardli.com,$765K,Disrupt SF 2011,Contestant,Operating,,,,,,,
Rex Animal Health,rexanimalhealth.com,$145K,Disrupt SF 2016,Contestant,Operating,,,,,,,
Rexly,rexly.com,$20K,Disrupt NYC 2011,Contestant,Acquired,,,,,,,
Richi,richi.com,,Disrupt Beijing 2011,Contestant,Operating,,,,,,,
Rinen,opentrace.org,,TC50 2008,Contestant,Closed,,,,,,,
Ripio,ripio.com,$7M,Disrupt NY 2016,Finalist,Operating,,,,,,,
Ritual,ritual.com,$5M,Disrupt NY 2016,Finalist,Operating,,,,,,,
Roadie,roadie.com,$25M,Disrupt NYC 2014,Audience choice,Operating,,,,,,,
Robin Technologies Inc,tryrobin.com,$1.2M,Disrupt SF 2016,Contestant,Operating,,,,,,,
Robo Wunderkind,robowunderkind.com,$956K,Disrupt SF 2015,Contestant,Operating,,,,,,,
Robotbase,robotbase.com,$250K,Hardware Battlefield 2015,Contestant,Operating,,,,,,,
Rollout.io,rollout.io,$3M,Disrupt SF 2015,Contestant,Operating,,,,,,,
Satago,satago.com,$7.7M,Disrupt EU 2013,Contestant,Acquired,,,,,,,
Saya,saya.im,,Disrupt SF 2012,Finalist,Acquired,,,,,,,
sciencebite,sciencebite.com,,Disrupt SF 2014,Contestant,Operating,,,,,,,
Scoutible,scoutible.com,$1.5M,Disrupt NY 2016,Contestant,Operating,,,,,,,
Scrumpt,scrumptbox.com,,Disrupt SF 2015,Finalist,Operating,,,,,,,
Sealtale,sealtale.com,,TC50 2009,Contestant,Closed,,,,,,,
SeatGeek,seatgeek.com,$160M,TC50 2009,Contestant,Operating,,,,,,,
Sedicii,sedicii.com,,Disrupt NYC 2014,Contestant,Operating,,,,,,,
Seeds,playseeds.com,$800K,Disrupt London 2016,Contestant,Operating,,,,,,,
Seenit,seenit.io,$1.4M,Disrupt London 2016,Winner,Operating,,,,,,,
Selequity,selequity.com,$590K,Disrupt NY 2015,Contestant,Operating,,,,,,,
Self Lender,selflender.com,$2M,Disrupt SF 2014,Contestant,Operating,,,,,,,
Sensay,sensay.it,$6M,Disrupt SF 2016,Contestant,Operating,,,,,,,
Sensibo,sensibo.com,$3.4M,Hardware Battlefield 2015,Audience choice,Operating,,,,,,,
Sentinl inc.,sentinl.com,$100K,Hardware Battlefield 2016,Finalist,Operating,,,,,,,
Sentri,sentri.me,$855.4K,Hardware Battlefield 2015,Contestant,Operating,,,,,,,
Sentry Scientific,sentryscientific.com,,Hardware Battlefield 2014,Contestant,Operating,,,,,,,
Separate.Us,separate.us,$165K,Disrupt SF 2015,Contestant,Operating,,,,,,,
SeqCentral,seqcentral.com,,Disrupt SF 2010,Contestant,Operating,,,,,,,
Sereneti Kitchen,sereneti.com,$150K,Hardware Battlefield 2015,Contestant,Operating,,,,,,,
Sevenhugs,sevenhugs.com,$16.2M,Disrupt London 2015,Contestant,Operating,,,,,,,
Shaker,atshaker.com,$18M,Disrupt SF 2011,Winner,Operating,,,,,,,
Shakr Media,shakr.com,$3.8M,Disrupt Beijing 2011,Contestant,Operating,,,,,,,
Shape,shapescale.com,,-,Contestant,Operating,,,,,,,
Share Practice,sharepractice.com,$4.1M,Disrupt NYC 2013,Contestant,Closed,,,,,,,
Shattered Reality Interactive,srinteractive.com,$1.1M,TC50 2008,Contestant,Closed,,,,,,,
Sher.ly,sher.ly,$1.4M,Disrupt EU 2013,Contestant,Operating,,,,,,,
ShieldSquare,shieldsquare.com,$350K,Disrupt SF 2015,Audience choice,Operating,,,,,,,
ShipHawk,shiphawk.com,$6M,Disrupt NYC 2013,Audience choice,Operating,,,,,,,
SHL Telemedicine,shl-telemedicine.com,,Disrupt NYC 2011,Contestant,Ipo,,,,,,,
ShoCard,shocard.com,$1.5M,Disrupt NY 2015,Contestant,Operating,,,,,,,
ShowKit,showkit.com,$440K,Disrupt NYC 2014,Finalist,Operating,,,,,,,
Shufflehub,shufflehub.com,,Disrupt EU 2013,Contestant,Operating,,,,,,,
Sign2Pay,sign2pay.com,$684.4K,Disrupt EU 2014,Contestant,Operating,,,,,,,
Simply Grid,simplygrid.com,,Disrupt NYC 2014,Contestant,Operating,,,,,,,
Siren Care,siren.care,$129.8K,-,Winner,Operating,,,,,,,
SizeUp,sizeup.com,,Disrupt SF 2011,Contestant,Operating,,,,,,,
Skaffl,skaffl.com,$118K,Disrupt SF 2013,Contestant,Operating,,,,,,,
Skylines,skylines.io,$700K,Disrupt NYC 2011,Contestant,Closed,,,,,,,
SkySpecs,skyspecs.com,$3.5M,Hardware Battlefield 2015,Contestant,Operating,,,,,,,
SlickLogin,slicklogin.com,$20K,Disrupt SF 2013,Contestant,Acquired,,,,,,,
Slides,slides.com,,Disrupt SF 2016,Contestant,Operating,,,,,,,
SmartyPans,smartypans.io,,-,Contestant,Operating,,,,,,,
Smoretgage,smoretgage.com,,Disrupt NYC 2014,Contestant,Operating,,,,,,,
SnapDragon,playsnapdragon.com,,Disrupt SF 2010,Contestant,Closed,,,,,,,
SnipSnap,snipsnap.it,$2.8M,Disrupt NYC 2012,Contestant,Acquired,,,,,,,
Social Stock,socialstock.com,,Disrupt NYC 2012,Contestant,Closed,,,,,,,
Socialwok,socialwok.com,,TC50 2009,Audience choice,Closed,,,,,,,
Soluto,soluto.com,$18M,Disrupt NYC 2010,Winner,Acquired,,,,,,,
Sonar,sonarapp.com,,Disrupt NYC 2011,Runner up,Operating,,,,,,,
SOP Notify,sopnotify.com,,Disrupt SF 2014,Contestant,Operating,,,,,,,
Spacebar,spacebar.com,,Disrupt NYC 2013,Contestant,Operating,,,,,,,
Spawn Labs,spawnlabs.com,$1M,TC50 2009,Contestant,Acquired,,,,,,,
Spenz,spenz.com,,Disrupt NYC 2011,Contestant,Operating,,,,,,,
Spincle,spincle.io,,Disrupt SF 2016,Contestant,Operating,,,,,,,
Spinlister,spinlister.com,$2.3M,Disrupt SF 2012,Audience choice,Operating,,,,,,,
Spinn Inc.,spinn.com,$2.6M,Disrupt NY 2016,Contestant,Operating,,,,,,,
SpokenLayer,spokenlayer.com,$482K,Disrupt NYC 2012,Contestant,Operating,,,,,,,
Spool,getspool.com,$1M,Disrupt SF 2011,Contestant,Acquired,,,,,,,
SpotlessCity,spotlesscity.com,$200K,Disrupt NYC 2012,Contestant,Closed,,,,,,,
SpotOn,spoton.com,$5M,Disrupt NYC 2011,Contestant,Operating,,,,,,,
Spott,spo.tt,,TC40 2007,Contestant,Operating,,,,,,,
Sprowtt Marketplace,sprowtt.com,,TC50 2009,Contestant,Closed,,,,,,,
Sqreen,sqreen.io,$2.3M,Disrupt SF 2016,Finalist,Operating,,,,,,,
Stack Lighting,stacklighting.com,,Disrupt SF 2014,Finalist,Operating,,,,,,,
"Staffly, Inc.",staffly.com,$1.3M,Disrupt SF 2015,Contestant,Operating,,,,,,,
Stampery,stampery.com,$600K,Disrupt SF 2015,Contestant,Operating,,,,,,,
StandWith,launch.standwith.com,,Disrupt NYC 2014,Contestant,Operating,,,,,,,
Stepcase,stepcase.com,,Disrupt Beijing 2011,Contestant,Operating,,,,,,,
Stereolabs,stereolabs.com,$2M,Hardware Battlefield 2016,Contestant,Operating,,,,,,,
Stevie,stevie.com,$2.1M,Disrupt NYC 2012,Contestant,Operating,,,,,,,
Stitch,teamstitch.com,$120K,Disrupt SF 2015,Finalist,Operating,,,,,,,
Storify,storify.com,$23K,Disrupt SF 2010,Contestant,Acquired,,,,,,,
StoryBlender,storyblender.com,$1.5M,TC40 2007,Contestant,Closed,,,,,,,
StoryBox,getstorybox.com,$2.4M,Disrupt NYC 2010,Contestant,Operating,,,,,,,
Storysomething,storysomething.com,,TC50 2009,Contestant,Closed,,,,,,,
Stratio,stratio.com,,-,Finalist,Operating,,,,,,,
Stribe,stribe.com,$600K,TC50 2009,Contestant,Closed,,,,,,,
StudyHall,studyhall.com,,Disrupt SF 2012,Contestant,Operating,,,,,,,
StudyRoom,getstudyroom.com,,Disrupt SF 2014,Contestant,Operating,,,,,,,
StyleSaint,stylesaint.com,$5.8M,Disrupt NYC 2012,Contestant,Operating,,,,,,,
StyleSeat,styleseat.com,$40M,Disrupt NYC 2011,Contestant,Operating,,,,,,,
Sumazi,sumazi.com,,Disrupt SF 2010,Contestant,Operating,,,,,,,
Sunglass,sunglasshut.com,$1.8M,Disrupt NYC 2012,Finalist,Closed,,,,,,,
Superfly,superfly.com,$500K,Disrupt SF 2010,Contestant,Operating,,,,,,,
Supplizer,supplizer.com/,,Disrupt NYC 2013,Contestant,Closed,,,,,,,
SupplyShift,supplyshift.net,$485K,Disrupt NYC 2013,Finalist,Operating,,,,,,,
Sutro,sutrobio.com,$863K,Hardware Battlefield 2015,Finalist,Operating,,,,,,,
Switchmate,myswitchmate.com,,Hardware Battlefield 2015,Contestant,Operating,,,,,,,
Swype,swype.com,$15.6M,TC50 2008,Finalist,Acquired,,,,,,,
Symphony Commerce,symphonycommerce.com,$47.4M,Disrupt NYC 2011,Contestant,Operating,,,,,,,
TableGrabber,tablegrabber.com,$323.8K,Disrupt SF 2014,Contestant,Operating,,,,,,,
Tagbrand,tagbrand.com,$600K,Disrupt NYC 2012,Contestant,Operating,,,,,,,
Tailor Brands,tailorbrands.com,$5.1M,Disrupt SF 2014,Contestant,Operating,,,,,,,
Talk to IO,talkto.io,,Disrupt EU 2014,Contestant,Operating,,,,,,,
Talkdesk,talkdesk.com,$24.5M,Disrupt NYC 2012,Contestant,Operating,,,,,,,
Talkz,talkz.com,,Disrupt NYC 2013,Contestant,Operating,,,,,,,
TallyGo,tallygo.com,$1M,Disrupt SF 2016,Contestant,Operating,,,,,,,
Tango Tech,tangopc.com,$350K,Disrupt NYC 2014,Contestant,Operating,,,,,,,
Teach The People,teachthepeople.com,$300K,TC40 2007,Contestant,Closed,,,,,,,
Tello Applications,,$4.7M,Disrupt SF 2010,Contestant,Closed,,,,,,,
Textingly,textingly.com,$650K,Disrupt NYC 2010,Contestant,Closed,,,,,,,
The Eye Tribe,theeyetribe.com,$5.3M,Hardware Battlefield 2014,Contestant,Acquired,,,,,,,
The Whuffie Bank,thewhuffiebank.org,,TC50 2009,Contestant,Closed,,,,,,,
TheSwop.com,theswop.com,,TC50 2009,Contestant,Closed,,,,,,,
Thinkfuse,thinkfuse.com,$532K,Disrupt NYC 2011,Contestant,Acquired,,,,,,,
Thoora,thoora.com,$4.2M,TC50 2009,Contestant,Closed,,,,,,,
threadsy,threadsy.com,$6.3M,TC50 2009,Finalist,Acquired,,,,,,,
ThriftDB,thriftdb.com,,Disrupt NYC 2011,Contestant,Operating,,,,,,,
Tickreel,tickreel.com,,Disrupt NYC 2010,Contestant,Closed,,,,,,,
TidePool,tidepool.co,$1.5M,Disrupt SF 2013,Contestant,Operating,,,,,,,
TimeLooper,timelooper.com,$1.9M,Disrupt NY 2016,Contestant,Operating,,,,,,,
Tingz,tingz.net,$280K,TC50 2008,Contestant,Closed,,,,,,,
Tonara,tonara.com,$9.8M,Disrupt SF 2011,Contestant,Operating,,,,,,,
Tonchidot,tonchidot.com,$16M,TC50 2008,Contestant,Operating,,,,,,,
ToonsTunes,toonstunes.com,,TC50 2009,Contestant,Closed,,,,,,,
TouchPal,touchpal.com,$25M,Disrupt Beijing 2011,Finalist,Operating,,,,,,,
Tovbot,tovbot.com,,Disrupt SF 2012,Contestant,Operating,,,,,,,
ToVieFor,toviefor.com,$93K,Disrupt SF 2010,Contestant,Closed,,,,,,,
ToyBots,toybots.com,,TC50 2009,Contestant,Closed,,,,,,,
Trace,traceapp.com,,Disrupt NYC 2013,Contestant,Operating,,,,,,,
Tracks.by,tracks.by,$88K,Disrupt NYC 2011,Contestant,Operating,,,,,,,
Traction,traction.co,,Disrupt NYC 2014,Contestant,Operating,,,,,,,
TRAIL,discovertrail.com,,Disrupt SF 2013,Contestant,Operating,,,,,,,
Trello,trello.com,$10.3M,Disrupt SF 2011,Finalist,Acquired,,,,,,,
TripIt,tripit.com,$13.1M,TC40 2007,Contestant,Acquired,,,,,,,
Trippy,trippy.com,$5.3M,Disrupt SF 2011,Contestant,Operating,,,,,,,
Trollim,trollim.com,,TC50 2009,Contestant,Closed,,,,,,,
TrueCar,truecar.com,$332.4M,TC50 2008,Contestant,Ipo,,,,,,,
Trustev,trustev.com,$7.8M,Disrupt NYC 2013,Contestant,Acquired,,,,,,,
Trutap,trutap.com,$14.5M,TC40 2007,Contestant,Closed,,,,,,,
Tweegee,tweegee.com,$3M,TC50 2008,Contestant,Operating,,,,,,,
Twentify,twentify.com,$1M,Disrupt London 2015,Contestant,Operating,,,,,,,
UberConference,uberconference.com,$35M,Disrupt NYC 2012,Winner,Operating,,,,,,,
Udorse,udorse.com,$500K,TC50 2009,Contestant,Closed,,,,,,,
UJAM,ujam.com,$2M,Disrupt NYC 2010,Finalist,Operating,,,,,,,
Undrip,undrip.com,,Disrupt SF 2012,Contestant,Operating,,,,,,,
Ungeo,ungeo.cn,,Disrupt Beijing 2011,Audience choice,Operating,,,,,,,
UnifyID,unify.id,,Disrupt SF 2016,Finalist,Operating,,,,,,,
UnitedStyles,unitedstyles.com,,Disrupt Beijing 2011,Finalist,Closed,,,,,,,
UpScored,upscored.com,,Disrupt NY 2016,Contestant,Operating,,,,,,,
Upwork,upwork.com,$168.8M,TC50 2009,Audience choice,Operating,,,,,,,
UQ Life,uqlife.com,,Disrupt NYC 2013,Contestant,Operating,,,,,,,
Valor Water Analytics,valorwater.com,$2.8M,Disrupt SF 2014,Contestant,Operating,,,,,,,
Vantage Robotics,vantagerobotics.com,,Hardware Battlefield 2016,Contestant,Operating,,,,,,,
Vault,getvault.com,$1.6M,Disrupt London 2016,Audience choice,Operating,,,,,,,
Venneos GmbH,venneos.com,$1.1M,-,Contestant,Operating,,,,,,,
Verious,verious.com,$800K,Disrupt SF 2011,Contestant,Closed,,,,,,,
Veyo Care,veyo-care.com,$830.2K,Disrupt London 2015,Contestant,Operating,,,,,,,
VIDA,vida.fm,,Disrupt Beijing 2011,Contestant,Closed,,,,,,,
VideoSurf,videosurf.com,$28M,TC50 2008,Contestant,Acquired,,,,,,,
Viewdle,viewdle.com,$12M,TC40 2007,Contestant,Acquired,,,,,,,
Vimo Labs,trackmy.fit,$1M,Disrupt NY 2015,Contestant,Operating,,,,,,,
Vinli,vin.li,$6.5M,Disrupt SF 2014,Finalist,Operating,,,,,,,
Vinylmint,vinylmint.com,$26.7K,Disrupt NYC 2012,Contestant,Operating,,,,,,,
VisibleGains,visiblegains.com,$4.5M,Disrupt NYC 2012,Contestant,Operating,,,,,,,
VIVE,vive.co,$2.3M,Disrupt NY 2015,Contestant,Operating,,,,,,,
voicesphere,voice-sphere.com,,Disrupt EU 2013,Finalist,Operating,,,,,,,
Voltera,voltera.io,$55K,Hardware Battlefield 2015,Winner,Operating,,,,,,,
Voxel,voxel.net,$7.1M,Disrupt SF 2013,Contestant,Operating,,,,,,,
Voxy,voxy.com,$30.8M,Disrupt SF 2010,Contestant,Operating,,,,,,,
Vurb,vurb.com,$10M,Disrupt NYC 2014,Winner,Acquired,,,,,,,
WakaTime,wakatime.com,,Disrupt SF 2015,Contestant,Operating,,,,,,,
Wanderio,wanderio.com,$275K,Disrupt EU 2013,Contestant,Operating,,,,,,,
WaterO,wateropurifier.com,$85.7K,Disrupt NY 2016,Runner up,Operating,,,,,,,
WAZER,wazer.com,$1.4M,Disrupt SF 2016,Contestant,Operating,,,,,,,
WEconnect,weconnectrecovery.com,$2.1M,Disrupt SF 2016,Audience choice,Operating,,,,,,,
WeDemand,wedemand.com,$1M,Disrupt SF 2012,Contestant,Operating,,,,,,,
Wellth,wellthapp.com,$2.5M,Disrupt NY 2015,Contestant,Operating,,,,,,,
Wellthy,wellthy.com,$2M,Disrupt SF 2015,Contestant,Operating,,,,,,,
Welltwigs,welltwigs.com,$50K,Disrupt NY 2015,Contestant,Operating,,,,,,,
Weotta,weotta.com,,Disrupt NYC 2011,Contestant,Operating,,,,,,,
What Now Travel,whatnowtravel.com,,Disrupt EU 2013,Contestant,Operating,,,,,,,
Wiivv,wiivv.com,$12.2M,Hardware Battlefield 2016,Runner up,Operating,,,,,,,
Wixi,wixi.com,,TC40 2007,Contestant,Closed,,,,,,,
WooMe,woome.com,$17.4M,TC40 2007,Finalist,Acquired,,,,,,,
Workspot,workspot.com,$15.8M,Disrupt NYC 2013,Contestant,Operating,,,,,,,
Xendo,xendo.com,$28K,Disrupt SF 2014,Contestant,Acquired,,,,,,,
Xobni,yahoo.com,$41.8M,TC40 2007,Contestant,Acquired,,,,,,,
Yammer,yammer.com,$142M,TC50 2008,Winner,Acquired,,,,,,,
Yap,yapme.com,$10M,TC40 2007,Contestant,Closed,,,,,,,
YayPay Inc,yaypay.com,$900K,Disrupt London 2015,Contestant,Operating,,,,,,,
Yext,yext.com,$117.8M,TC50 2009,Contestant,Ipo,,,,,,,
YOOBIC,yoobic.com,,Disrupt London 2015,Finalist,Operating,,,,,,,
YouNow,younow.com,$26M,Disrupt SF 2011,Contestant,Operating,,,,,,,
YourMechanic,yourmechanic.com,$28M,Disrupt SF 2012,Winner,Operating,,,,,,,
YourVersion,yourversion.com,,TC50 2009,Audience choice,Operating,,,,,,,
Yuwan,iyuwan.cn,,Disrupt Beijing 2011,Contestant,Closed,,,,,,,
ZAP!,zapreklam.com/,,Disrupt EU 2014,Audience choice,Operating,,,,,,,
ZEFR,zefr.com,$62.1M,Disrupt NYC 2010,Contestant,Operating,,,,,,,
Zello,zello.com,,TC40 2007,Contestant,Operating,,,,,,,
Zenefits,zenefits.com,$583.6M,Disrupt NYC 2013,Finalist,Operating,,,,,,,
Zivity,zivity.com,$8M,TC40 2007,Contestant,Operating,,,,,,,
Zmorph,zmorph3d.com,$1M,-,Audience choice,Operating,,,,,,,
Zocdoc,zocdoc.com,$223M,TC40 2007,Contestant,Operating,,,,,,,
Zula,zulaapp.com,$3.4M,Disrupt SF 2013,Audience choice,Operating,,,,,,,
Zumper,zumper.com,$31.5M,Disrupt SF 2012,Finalist,Operating,,,,,,,
